{
  "accuracy": 0.9880099916736054,
  "macro_f1": 0.9871073457478051,
  "weighted_f1": 0.9880429313343752,
  "per_class": {
    "LYING": {
      "precision": 0.998330550918197,
      "recall": 0.9966666666666667,
      "f1": 0.9974979149291076
    },
    "SITTING": {
      "precision": 0.9947552447552448,
      "recall": 0.9861351819757366,
      "f1": 0.9904264577893821
    },
    "STANDING": {
      "precision": 0.9607201309328969,
      "recall": 0.9932318104906938,
      "f1": 0.9767054908485857
    },
    "WALKING": {
      "precision": 0.9986013986013986,
      "recall": 0.9944289693593314,
      "f1": 0.9965108164689462
    },
    "RUNNING": {
      "precision": 1.0,
      "recall": 0.9899665551839465,
      "f1": 0.9949579831932773
    },
    "CYCLING": {
      "precision": 1.0,
      "recall": 0.9941291585127201,
      "f1": 0.9970559371933267
    },
    "NORDIC_WALK": {
      "precision": 0.9930915371329879,
      "recall": 0.9982638888888888,
      "f1": 0.9956709956709957
    },
    "TV": {
      "precision": 0.9775910364145658,
      "recall": 0.953551912568306,
      "f1": 0.9654218533886584
    },
    "COMPUTER": {
      "precision": 0.9410029498525073,
      "recall": 0.9755351681957186,
      "f1": 0.9579579579579579
    },
    "CAR": {
      "precision": 0.9926873857404022,
      "recall": 0.9926873857404022,
      "f1": 0.9926873857404022
    },
    "STAIRS_UP": {
      "precision": 0.9918032786885246,
      "recall": 0.9758064516129032,
      "f1": 0.983739837398374
    },
    "ROPE_JUMP": {
      "precision": 0.9933333333333333,
      "recall": 1.0,
      "f1": 0.9966555183946488
    }
  },
  "confusion_matrix": [
    [
      598,
      2,
      0,
      0,
      0,
      0,
      0,
      0,
      0,
      0,
      0,
      0
    ],
    [
      1,
      569,
      6,
      0,
      0,
      0,
      0,
      0,
      0,
      1,
      0,
      0
    ],
    [
      0,
      1,
      587,
      0,
      0,
      0,
      0,
      0,
      0,
      0,
      3,
      0
    ],
    [
      0,
      0,
      0,
      714,
      0,
      0,
      3,
      1,
      0,
      0,
      0,
      0
    ],
    [
      0,
      0,
      0,
      0,
      296,
      0,
      0,
      0,
      2,
      0,
      0,
      1
    ],
    [
      0,
      0,
      0,
      0,
      0,
      508,
      1,
      0,
      1,
      1,
      0,
      0
    ],
    [
      0,
      0,
      0,
      1,
      0,
      0,
      575,
      0,
      0,
      0,
      0,
      0
    ],
    [
      0,
      0,
      0,
      0,
      0,
      0,
      0,
      349,
      17,
      0,
      0,
      0
    ],
    [
      0,
      0,
      0,
      0,
      0,
      0,
      0,
      7,
      319,
      1,
      0,
      0
    ],
    [
      0,
      0,
      1,
      0,
      0,
      0,
      0,
      0,
      0,
      543,
      3,
      0
    ],
    [
      0,
      0,
      17,
      0,
      0,
      0,
      0,
      0,
      0,
      1,
      726,
      0
    ],
    [
      0,
      0,
      0,
      0,
      0,
      0,
      0,
      0,
      0,
      0,
      0,
      149
    ]
  ]
}