{
  "accuracy": 0.9693588676103247,
  "macro_f1": 0.965868456266294,
  "weighted_f1": 0.9692873109572415,
  "per_class": {
    "LYING": {
      "precision": 0.9933774834437086,
      "recall": 1.0,
      "f1": 0.9966777408637874
    },
    "SITTING": {
      "precision": 0.9892857142857143,
      "recall": 0.9601386481802426,
      "f1": 0.9744942832014072
    },
    "STANDING": {
      "precision": 0.9403973509933775,
      "recall": 0.961082910321489,
      "f1": 0.9506276150627615
    },
    "WALKING": {
      "precision": 0.9889349930843707,
      "recall": 0.9958217270194986,
      "f1": 0.9923664122137404
    },
    "RUNNING": {
      "precision": 0.9866220735785953,
      "recall": 0.9866220735785953,
      "f1": 0.9866220735785953
    },
    "CYCLING": {
      "precision": 0.967741935483871,
      "recall": 0.9980430528375733,
      "f1": 0.9826589595375722
    },
    "NORDIC_WALK": {
      "precision": 0.9982578397212544,
      "recall": 0.9947916666666666,
      "f1": 0.9965217391304347
    },
    "TV": {
      "precision": 0.8813131313131313,
      "recall": 0.953551912568306,
      "f1": 0.916010498687664
    },
    "COMPUTER": {
      "precision": 0.9486301369863014,
      "recall": 0.8470948012232415,
      "f1": 0.8949919224555735
    },
    "CAR": {
      "precision": 0.9442446043165468,
      "recall": 0.9597806215722121,
      "f1": 0.9519492293744334
    },
    "STAIRS_UP": {
      "precision": 0.9793672627235214,
      "recall": 0.956989247311828,
      "f1": 0.9680489462950373
    },
    "ROPE_JUMP": {
      "precision": 1.0,
      "recall": 0.959731543624161,
      "f1": 0.9794520547945206
    }
  },
  "confusion_matrix": [
    [
      600,
      0,
      0,
      0,
      0,
      0,
      0,
      0,
      0,
      0,
      0,
      0
    ],
    [
      4,
      554,
      16,
      0,
      0,
      0,
      0,
      0,
      0,
      3,
      0,
      0
    ],
    [
      0,
      2,
      568,
      0,
      0,
      0,
      0,
      0,
      0,
      9,
      12,
      0
    ],
    [
      0,
      0,
      0,
      715,
      0,
      0,
      0,
      3,
      0,
      0,
      0,
      0
    ],
    [
      0,
      0,
      0,
      0,
      295,
      3,
      0,
      0,
      1,
      0,
      0,
      0
    ],
    [
      0,
      0,
      0,
      0,
      0,
      510,
      0,
      0,
      1,
      0,
      0,
      0
    ],
    [
      0,
      0,
      0,
      2,
      0,
      0,
      573,
      1,
      0,
      0,
      0,
      0
    ],
    [
      0,
      0,
      0,
      3,
      0,
      4,
      0,
      349,
      9,
      1,
      0,
      0
    ],
    [
      0,
      0,
      0,
      3,
      0,
      7,
      0,
      38,
      277,
      2,
      0,
      0
    ],
    [
      0,
      4,
      5,
      0,
      0,
      1,
      1,
      5,
      3,
      525,
      3,
      0
    ],
    [
      0,
      0,
      15,
      0,
      0,
      0,
      0,
      0,
      1,
      16,
      712,
      0
    ],
    [
      0,
      0,
      0,
      0,
      4,
      2,
      0,
      0,
      0,
      0,
      0,
      143
    ]
  ]
}